{
  "map": 0.5998579859733582,
  "map_50": 0.8866393566131592,
  "precision": 0.8690476190476191,
  "recall": 0.8731424429140993,
  "f1": 0.8710902187669499,
  "map_per_class": [
    0.695112407207489,
    0.41490620374679565,
    0.5175676345825195,
    0.7718455791473389
  ],
  "classes": [
    1,
    2,
    3,
    4
  ]
}