{
  "map": 0.1620534360408783,
  "map_50": 0.3206236660480499,
  "precision": 0.8982109808760025,
  "recall": 0.2638637187386734,
  "f1": 0.40790026614371755,
  "map_per_class": [
    0.32489725947380066,
    0.10610915720462799,
    0.06864773482084274,
    0.1485595852136612
  ],
  "classes": [
    1,
    2,
    3,
    4
  ]
}