{
  "map": 0.6162031888961792,
  "map_50": 0.8885267972946167,
  "precision": 0.8777092511013216,
  "recall": 0.9026821312069591,
  "f1": 0.890020548557134,
  "map_per_class": [
    0.7107477784156799,
    0.391516774892807,
    0.6007539629936218,
    0.7617943286895752
  ],
  "classes": [
    1,
    2,
    3,
    4
  ]
}