{
  "map": 0.16798396408557892,
  "map_50": 0.33332177996635437,
  "precision": 0.8826847151720248,
  "recall": 0.28361725262776366,
  "f1": 0.42929639281305715,
  "map_per_class": [
    0.32397136092185974,
    0.11072195321321487,
    0.07714869827032089,
    0.16009388864040375
  ],
  "classes": [
    1,
    2,
    3,
    4
  ]
}